source,order_date,item_name,brand,qty,unit_price,line_total,asin_or_sku,order_id,url,returned,order_status,match_tier,prior_pass_category,prior_pass_subcategory,prior_pass_likely_boat,notes
Fisheries Supply,02/05/2025,"Molded Electrical Connector, 4 Prong",Sea-Dog Line,1,15.15,15.15,76168,4824140,,,,strict,Electrical,,,
Fisheries Supply,02/19/2025,CerboGX MK2 - Panels & System Monitoring,Victron Energy,1,226.92,226.92,1043615,4831103,,,,strict,Electrical,,,
Fisheries Supply,02/19/2025,"Isolation Transformer 3600W 115/230V, Auto",Victron Energy,1,577.39,577.39,1015652,4831103,,,,strict,Electrical,,,
Amazon (Dark Star Business),02/22/2026,"Funien Electric Field Bilge Pump Switch, Marine Bilge Pump Sensor, Automatic Alarm Water Level Sensor Switch, Ship Yacht Alarm with ABS Material, DC12V/24V, Fitment: Ship, Yacht, for",Funien,1,25.05,26.30,B0GDRT361X,111-5050408-0244216,https://www.amazon.com/dp/B0GDRT361X,,Closed,strict,,,,
Amazon (Dark Star Business),02/22/2026,uxcell 3 Pcs Dual Rows 3 Positions 600V 45A Wire Barrier Block Terminal Strip TB-4503L,uxcell,1,9.98,11.03,B07DM1HQ75,111-0059334-5657856,https://www.amazon.com/dp/B07DM1HQ75,,Closed,general,,,,
Fisheries Supply,02/24/2025,"12/30 Blue Smart IP22 Charger, 3 Outputs (120V)",Victron Energy,1,188.06,188.06,1027823,4832989,,,,strict,Electrical,,,
Amazon (Dark Star Business),02/25/2026,"ELECFUN 1/2 Inch 8Ft Waterproof Heat Shrink Tubing Roll, 3:1 Marine Grade Adhesive Lined Heat Shrink Tube, Dual Wall Sealing Oil-Proof Wear-Resistant Wire Cable Wrap (4ft Black & 4ft Red)",ELECFUN,1,6.99,7.72,B08SQC51ZG,112-7918845-8325825,https://www.amazon.com/dp/B08SQC51ZG,,Closed,general,,,,
Amazon (Dark Star Business),02/25/2026,"ELECFUN 3/4 Inch 8 Ft Heat Shrink Tubing Roll, 3:1 Marine Grade Adhesive Lined Heatshrink Wire Tube, Waterproof Dual Wall Wiring Wrap for Cable Sealing Oil-Proof Wear-Resistant (4 ft Black & 4 ft Red)",ELECFUN,1,6.99,7.72,B08SPZVRYZ,112-7918845-8325825,https://www.amazon.com/dp/B08SPZVRYZ,,Closed,general,,,,
Amazon (Dark Star Business),02/25/2026,"Gardner Bender, 4 Oz Bottle, Red LTR-400 Liquid Tape, Home/Auto/Marine/Electric Applications, Indoor/Outdoor Use, Brush On, Repair/Seal/Insulate & Protect, 4 Fl Oz",Gardner Bender,1,9.29,10.27,B000M5PM0G,112-6049705-5458606,https://www.amazon.com/dp/B000M5PM0G,,Closed,general,,,,
Amazon (Dark Star Business),03/05/2026,"10 Gauge Marine Wire,10 AWG 30ft Duplex Marine Grade Wire Tinned Copper Oxygen-Free Insulated Red& Black Electrical Cable for Boat/Automotive/RV/Camper/Trailer",NOVINO,1,35.99,31.40,B0B6HV5TXQ,112-2176653-7473047,https://www.amazon.com/dp/B0B6HV5TXQ,,Closed,strict,,,,
Amazon (Dark Star Business),03/05/2026,"GS Power 50 Ft Duplex Marine Wire, 12 Gauge Wire, Oxygen-Free Tinned Copper 12 AWG Electrical Boat Wiring, Sheathed Copper Marine Grade Electrical Cable for Boat Automotive RV Camper Trailer",GS Power,1,29.99,33.14,B0799K17WS,112-5631135-0802625,https://www.amazon.com/dp/B0799K17WS,,Closed,strict,,,,
Amazon (Dark Star Business),03/08/2026,BTF-LIGHTING FCOB COB LED Strip IP67 Waterproof Flexible High Density Uniform Diffused Neon Light 16.4FT DC12V Warm White 2700K CRI 90+ LED Ribbon Black for Indoor Decor(No Adapter or Controller),BTF-LIGHTING,2,4.85,10.72,B0DD3ZJK5B,111-1964555-6789018,https://www.amazon.com/dp/B0DD3ZJK5B,,Closed,general,,,,
Amazon (Dark Star Business),03/08/2026,BTF-LIGHTING FCOB COB LED Strip IP67 Waterproof Flexible High Density Uniform Diffused Neon Light 16.4FT DC12V Warm White 2700K CRI 90+ LED Ribbon Black for Indoor Decor(No Adapter or Controller),BTF-LIGHTING,2,4.85,10.72,B0DD3ZJK5B,111-1964555-6789018,https://www.amazon.com/dp/B0DD3ZJK5B,,Closed,general,,,,
Amazon (Dark Star Business),03/08/2026,BTF-LIGHTING FCOB COB LED Strip IP67 Waterproof Flexible High Density Uniform Diffused Neon Light 16.4FT DC24V Natural White 4000K CRI90+ LED Ribbon Black for Indoor Decor(No Adapter or Controller),BTF-LIGHTING,1,4.89,5.40,B0DD42BSTR,111-1106218-6893867,https://www.amazon.com/dp/B0DD42BSTR,,Closed,general,,,,
Amazon (Dark Star Business),03/08/2026,"CtrlCV FCOB LED Strip Light Waterproof IP68 24V 16.4ft 1800K Golden Yellow Light High CRI, Suitable for Outdoor Garden Indoor Lighting Decoration",CtrlCV,1,11.99,13.25,B0DSFW5D8L,111-1903104-5330614,https://www.amazon.com/dp/B0DSFW5D8L,,Closed,general,,,,
Amazon (Dark Star Business),03/08/2026,"CtrlCV FCOB LED Strip Light Waterproof IP68 24V 16.4ft 6000K Cold White Light High CRI Waterproof and Rainproof Neon Light, Suitable for Outdoor Garden Indoor Lighting Decoration",CtrlCV,2,11.99,13.25,B0DSFYTNVT,111-5221231-2905032,https://www.amazon.com/dp/B0DSFYTNVT,,Closed,general,,,,
Amazon (Dark Star Business),03/10/2026,Stainless Steel 316L - 50' - 22 Gauge Wire - 50ft - 0.65mm - 0.025in - Master Wire Supply,Master Wire Supply,1,7.49,8.28,B0CNZG2C43,112-2428167-9059418,https://www.amazon.com/dp/B0CNZG2C43,,Closed,general,,,,
Fisheries Supply,03/26/2025,SmartShunt IP65,Victron Energy,1,93.53,93.53,1035852,4850564,,,,strict,Electrical,,,
Fisheries Supply,03/26/2025,VE.Direct Cable (Straight - Straight),Victron Energy,1,12.68,12.68,1015678,4850564,,,,strict,Electrical,,,
Amazon (Dark Star Business),04/06/2026,Motoforti 250V 200A Multi Block Fuse Class T Fuse Holder Circuit Fuses for Cars Boats Trucks Long-lasting,Motoforti,2,13.62,30.10,B0DDVN8TN6,112-1049861-8931465,https://www.amazon.com/dp/B0DDVN8TN6,,Closed,strict,,,,
Amazon (Dark Star Business),04/07/2026,"Ferrule Crimping Tool Kit,Wire Ferrule Kit Crimper Connectors，4 corners Self-adjustable AWG23-7 gauge 1800PCS Ferrules Electrical Terminal，Crimpers Tools Pin Terminals Ratchet Pliers for Audio,Car,DIY",HONGEDUOREMI,1,14.99,16.56,B0DRJ9CDNG,112-3207637-7977836,https://www.amazon.com/dp/B0DRJ9CDNG,,Closed,general,,,,
Amazon (Dark Star Business),04/09/2026,10 Gauge Wire - iGreely 30 FT Red & 30 FT Black 10 Gauge Tinned Copper Electrical Wire Cable for Solar Panel Car Audio Automotive Trailer Marine Harness Wiring 10AWG 30Ft,iGreely,1,29.99,33.14,B08HSC5NW5,111-1641429-4080210,https://www.amazon.com/dp/B08HSC5NW5,,Closed,general,,,,
Amazon (Dark Star Business),04/13/2026,Stainless Steel 316L - 50' - 20 Gauge Wire - 50ft - 0.81mm - 0.032in - Made in USA - Master Wire Supply,Master Wire Supply,1,8.99,9.93,B07CJLTNR4,112-4177427-6597050,https://www.amazon.com/dp/B07CJLTNR4,,Closed,general,,,,
Amazon (Dark Star Business),04/18/2026,"Gebildet Cable Gland, PG9 Plastic Waterproof Adjustable 4.0-8mm Cable Gland Joint with Gaskets, M16*1.5 Wire Connector, Wire Protector (Pack of 40, Black)",Gebildet,1,8.99,9.93,B07VT317NT,112-1088629-1329030,https://www.amazon.com/dp/B07VT317NT,,Closed,general,,,,
Amazon (Dark Star Business),04/24/2026,"Heat Shrink Butt Connectors, 16-14 AWG 100Pcs Blue Waterproof Electrical Crimp Wire Splice for Marine, Cable, Wiring",Qizpcer,1,9.97,11.02,B0981YTS3D,112-9866161-4023411,https://www.amazon.com/dp/B0981YTS3D,,Closed,general,,,,
Amazon (Dark Star Business),04/24/2026,"VAMRONE 100PCS Heat Shrink Butt Wire Connectors 22-16 AWG, Insulated Waterproof Electrical Wire Connectors Automotive Marine Grade Wire Crimp Terminals Butt Splices, Ideal for Boat, Truck, Red",VAMRONE,1,7.36,8.13,B08LRB9P4V,112-9866161-4023411,https://www.amazon.com/dp/B08LRB9P4V,,Closed,general,,,,
Amazon (Dark Star Business),05/09/2026,uxcell 3 Pcs Dual Rows 3 Positions 600V 45A Wire Barrier Block Terminal Strip TB-4503L,uxcell,1,9.98,11.03,B07DM1HQ75,112-1513833-3975401,https://www.amazon.com/dp/B07DM1HQ75,,Closed,general,,,,
Amazon (Dark Star Business),05/23/2026,"2 Pack NMEA 2000 (N2k) (Tee) 3 Port 5Pin M12 Thread IP67 Waterproof (Tee) T-Connector for Garmin Lowrance Simrad B&G Navico Networks, Boat/Yacht Series Ship/Yacht Parts",Sunluway,1,19.49,21.54,B0BFB8R9P1,112-6285011-6031446,https://www.amazon.com/dp/B0BFB8R9P1,,Closed,strict,,,,
Amazon (Dark Star Business),05/23/2026,"FULARR 175Pcs 5X20mm Professional Car Fast-Blow Glass Tube Fuse Kit: 150Pcs Quick Blow + 20Pcs Seat + 5Pcs Inline Screw Type Holder, With Transparent Plastic Box",QitinDasen,1,9.01,9.96,B07THQPBB1,112-6285011-6031446,https://www.amazon.com/dp/B07THQPBB1,,Closed,general,,,,
Amazon (Dark Star Business),05/23/2026,"SEAFLO 06 Series Automatic Submersible Bilge Pump - 1100 GPH, 12V, 1-1/8"""" Outlet, 4-Year Warranty! Built-In Float Switch, Snap-Off Strainer, Compact for Marine Boat Yacht, CE & Rohs Certified",SEAFLO,1,26.59,28.07,B0BGJJ5G8T,112-6285011-6031446,https://www.amazon.com/dp/B0BGJJ5G8T,,Closed,strict,,,,
Amazon (Dark Star Business),06/09/2026,"iCrimp ICP-240 Cable Stripper for AWG 12 to 4/0 Round Cables, Radial Wire Stripper with 2 Extra Blades",IWISS,1,9.86,10.90,B09Q872XW7,112-4649042-1615468,https://www.amazon.com/dp/B09Q872XW7,,Closed,general,,,,
Amazon (Dark Star Business),06/11/2026,"1FT 30-Amp to 15-Amp Marine & RV-Adapter Cord Nema 5-15P to L5-30R,10AWG 15Amp Male to 30Amp-Female Twist Lock Power Adapter,Marine Shore Power 30A 125V Receptacle to 110V 15A Household Plug",ADCAUDX,1,19.88,21.97,B0CZ787MD8,112-8450243-4029044,https://www.amazon.com/dp/B0CZ787MD8,,Closed,strict,,,,
Amazon (Dark Star Business),06/11/2026,3PCS Buck Converter 12V to 9V 2A Power Converter Car Power Converter DC Step Down Buck Voltage Regulator DC Power Supply Module Transformer for Car Truck Boat (12V to 9V 2A),Diitao,1,12.34,13.64,B0FH2D8SBM,112-8088353-2272255,https://www.amazon.com/dp/B0FH2D8SBM,,Closed,general,,,,
Amazon (Dark Star Business),06/11/2026,"MECMO RV 50 Amp to 110 Adapter with Locking Connector NEMA 5-15P to SS2-50R, Household 15A 110V Male to 50A Female Twist Lock Shore Power Adapter Plug w/ Threaded Ring for RV Camper Boat Marine",MECMO,1,14.24,15.74,B0DQZRBZKC,112-8450243-4029044,https://www.amazon.com/dp/B0DQZRBZKC,,Closed,strict,,,,
Amazon (Dark Star Business),06/24/2026,Lowrance 000-15736-001 Navico Dst-810 Bronze Triducer Multisensor Nmea 2000 N2k - 6m Cable,Simrad,1,419.00,463.00,B09DGRZSV5,112-1554710-8445844,https://www.amazon.com/dp/B09DGRZSV5,,Closed,strict,,,,
Amazon (Dark Star Business),06/25/2026,"BOCEUC Multimeter Alligator Clips, Heavy Duty Alligator Clips Set Full Insulated with 4mm Banana Jack Socket for Electrical Test",BOCEUC,1,7.99,8.83,B0DK9FBZTC,112-0116081-2530613,https://www.amazon.com/dp/B0DK9FBZTC,,Closed,general,,,,
Amazon (Dark Star Business),06/25/2026,Cal Hawk Tools 2 Wire 30' Retractable Test Leads (18 Gauge),Cal-Hawk,1,22.31,24.65,B01KEINDSI,112-0116081-2530613,https://www.amazon.com/dp/B01KEINDSI,,Closed,general,,,,
Amazon (Dark Star Business),06/25/2026,"Meter Test Lead Extension Male to Female Connector 4mm Banana Plug to Jack Heavy Duty Silicone Wires Multimeter Leads Probes Adapter 14AWG (1 pair) (39.4"")",Bei Qian,1,9.49,10.49,B07NWZ71GH,112-0116081-2530613,https://www.amazon.com/dp/B07NWZ71GH,,Closed,general,,,,
Amazon (Dark Star Business),06/25/2026,ZIBOO ZB285-2 multimeter Alligator Clips Safety Alligator Clip Compatible with Fluke Phase Rotation Indicator use with TL222 and TL224 Test Leads Substitute Compatible with AC285,ZIBOO,1,6.59,7.28,B0CB3P4RD8,112-0116081-2530613,https://www.amazon.com/dp/B0CB3P4RD8,,Closed,general,,,,
Amazon (Dark Star Business),07/01/2026,"TICONN 120Pcs Heat Shrink Wire Connectors, Waterproof Automotive Marine Electrical Terminals Kit, Crimp Connector Assortment, Ring Fork Spade Butt Splices",TICONN,1,9.49,10.49,B086Z2Y1D6,112-9881141-0149813,https://www.amazon.com/dp/B086Z2Y1D6,,Closed,general,,,,
Amazon (Dark Star Business),07/03/2026,"TICONN 100PCS Heat Shrink Butt Wire Connector Kit, Insulated Waterproof Electrical Wire Crimp Terminals Butt Splice for Marine Automotive (100PCS)",TICONN,1,9.45,10.44,B086Z3H4X8,112-1894040-5095457,https://www.amazon.com/dp/B086Z3H4X8,,Closed,general,,,,
Amazon (Dark Star Business),07/03/2026,"haisstronica Wire Stripper and Crimping Tool,AWG 24-10 Automatic Stripper Tool with AWG 26-10 Ratchet Wire Crimper For Heat Shrink Connectors",haisstronica,1,26.99,29.82,B0C3GRTT2G,112-1894040-5095457,https://www.amazon.com/dp/B0C3GRTT2G,,Closed,general,,,,
Amazon (Dark Star Business),07/05/2026,"300 Pcs 15 Values 5 x 20mm Fast-Blow Glass Fuse Assortment, 250V 0.1A/ 0.25A/ 0.2A/ 0.5A/ 1A/ 1.5A/ 2A/ 3A/ 4A/ 5A/ 8A/ 10A/ 12A/ 15A/ 20A Tube Fuses",MCIGICM,1,9.49,10.49,B07TXFHR5J,112-3168519-3249023,https://www.amazon.com/dp/B07TXFHR5J,,Closed,general,,,,
Amazon (Dark Star Business),07/05/2026,"Gebildet 5 x 20mm Inline Fuse Holder, 32V 20A Fast-Blow Screw Type, with 16 AWG Wire (Pack of 15)",Gebildet,1,7.39,8.17,B0D46FJM64,112-3168519-3249023,https://www.amazon.com/dp/B0D46FJM64,,Closed,general,,,,
Fisheries Supply,07/08/2025,MultiPlus Inverter/Charger 500VA,Victron Energy,1,282.09,282.09,1041802,4926019,,,,strict,Electrical,,,
Amazon (personal),2024-08-01,"12V Low Voltage BA15D LED Bulbs 5W 500lm,Double Contact Bayonet 1142 1076 1130 1176 1075 S8 Bright White 6000K Led for RV Camper Trailer Boat Marine Trunk Interior Landscape Anchor Lights,5Pack",,1,17.99,17.87,B0CHW73MCS,112-2308650-1425824,https://www.amazon.com/dp/B0CHW73MCS,,Closed,general,,,strong,
Amazon (personal),2024-08-01,"Ziomitus Low Voltage BA15D LED Bulbs 12V-24V,1142 1004 1076 1130 1176 1075 S8,Warm White Yellow 2700k Led for RV Camper Trailer Boat Marine Outdoor Landscape Trunk Interior Anchor Light,5Pack",,1,17.49,19.31,B0CHW3XP9X,112-2308650-1425824,https://www.amazon.com/dp/B0CHW3XP9X,,Closed,general,,,strong,
Amazon (personal),2024-08-08,USB C Car Charger Socket 12V USB Outlet 2 Pack: Newest Aluminum Metal 78W Dual USB-C PD 30W and 18W QC3.0 Port Multi USB Charger Outlet with LED Voltmeter Power Switch for RV Motorcycle Boat Marine,,1,27.99,27.81,B0BCPJJXK7,112-9242778-9600227,https://www.amazon.com/dp/B0BCPJJXK7,,Closed,general,,,strong,
Amazon (personal),2024-08-27,DROK Waterproof DC Buck Converter Voltage Regulator 8-22V to 3-15V 5V 12V 3A Adjustable Output Power Supply Transformer Step-Down Volt Module Board for Car Auto Vehicle Motor Regulated SR,,1,13.49,14.89,B00C0KL1OM,112-4816312-3715429,https://www.amazon.com/dp/B00C0KL1OM,Y,Closed,general,,,likely,
Amazon (personal),2024-08-27,UNXMRFF 1156 LED Bulb White Super Bright 1073 1003 BA15S 7506 1141 LED Bulbs 5050 18-SMD Replacement for 12V RV Interior Ceiling Dome Light/Travel Trailer/Boat Indoor/Camper Light Bulbs (Pack of 6),,1,9.89,10.92,B094WC1GRM,112-4816312-3715429,https://www.amazon.com/dp/B094WC1GRM,Y,Closed,general,,,strong,
Amazon (personal),2024-09-09,"UNXMRFF - Super Bright 1142 BA15D LED Bulbs White, 1178 LED 4014 39-SMD 1076 LED Bulb Replacement for 12V RV Interior Ceiling Dome Light/Travel Trailer/Boat Indoor/Camper Light Bulbs (Pack of 10)",,1,13.99,15.44,B0BHQ7SJH5,112-6563954-4977847,https://www.amazon.com/dp/B0BHQ7SJH5,,Closed,general,,,strong,
Amazon (personal),2024-10-23,"Garmin 010-11442-00, Nmea 2000 Starter Kit",,1,74.13,81.84,B0030EMZYW,112-9220975-0110607,https://www.amazon.com/dp/B0030EMZYW,Y,Closed,strict,,,,
Amazon (personal),2024-11-02,Ancor 270300 NMEA 2000 Drop Cable - .5 Meter,,2,15.64,34.54,B06XQ683ZH,111-5478146-6685035,https://www.amazon.com/dp/B06XQ683ZH,Y,Closed,strict,,,,
Amazon (personal),2024-11-02,MOOKEERF 22 AWG 4 Conductor Stranded Shielded Plenum Cable 50FT 22/4 Shielded Wire White CL3P Jacket for Security/Alarm/Access Control/Sound,,1,25.99,26.97,B0DC35C7RB,111-5478146-6685035,https://www.amazon.com/dp/B0DC35C7RB,Y,Closed,general,,,likely,
Amazon (personal),2024-11-02,"yourour NMEA 2000 (N2k) 4-Port MultiPort (Tee) T-Connector for Garmin Lowrance Simrad B&G & Navico Networks,Replace for 0101107801",,1,27.99,30.9,B0CGWTSH9Z,111-5478146-6685035,https://www.amazon.com/dp/B0CGWTSH9Z,Y,Closed,strict,,,,
Amazon (personal),2024-11-13,"Aienxn 150A 12V Bus Bar Marine 1/4"" Power Distribution Block, Battery Busbar, Automotive Busbar Terminal Block for Car and Boat, 1 x 1/4"" (M6) Post, 12 x #8 (M4) Screws Terminals (Black+Red)",,1,19.59,21.63,B0CZKMHGBD,112-8658431-7022642,https://www.amazon.com/dp/B0CZKMHGBD,Y,Closed,general,,,strong,
Amazon (personal),2024-11-20,14awg Silicone Electrical Wire Cable 30ft Brown 14 Gauge Hookup Wires kit Stranded Tinned Copper Wire Flexible and Soft High Temperature Resistance,,1,13.98,15.43,B09DSPY2XC,112-0550637-9653842,https://www.amazon.com/dp/B09DSPY2XC,Y,Closed,strict,,,,
Amazon (personal),2024-11-28,"Antline BA9S BA9 1895 1891 53 57 47830 64111 3893 LED Bulb White, Super Bright Canbus Error Free 12 Volt Replacements for Interior Dome Map Lamp License Plate Glove Box Lights (Pack of 10)",,1,7.19,7.94,B0C3H63W94,112-5048258-4948218,https://www.amazon.com/dp/B0C3H63W94,,Closed,general,,,likely,
Amazon (personal),2024-12-03,Blue Sea Systems 5025 ST Blade Fuse Block 6 Circuit with Ground and Cover,,1,26.03,28.74,B000THQ0CQ,112-4925124-5673842,https://www.amazon.com/dp/B000THQ0CQ,Y,Closed,strict,,,,
Amazon (personal),2025-02-01,"2 PACK 12V USB Outlet Wired USB Charger Multi Port, Dual PD3.0 USB-C and Quick Charge 3.0 Car USB Port Socket with Power Switch, Fast Charger for Cell Phone Tablet, Suitable for Car Boat RV Marine ATV",,1,21.99,24.28,B0CWG4XNL4,113-6392425-7712259,https://www.amazon.com/dp/B0CWG4XNL4,,Closed,general,,,strong,
Amazon (personal),2025-02-01,"Ancor 104510 Marine Grade Electrical Primary Tinned Copper Boat Wiring (14-Gauge, Orange, 100-Feet)",,1,30.06,33.19,B000NV0F4W,113-4693954-5232217,https://www.amazon.com/dp/B000NV0F4W,,Closed,strict,,,,
Amazon (personal),2025-02-01,"Ancor 106202 Marine Grade Electrical Primary Tinned Copper Boat Wiring (12-Gauge, Brown, 25-Feet)",,1,16.54,16.44,B000NUYEQI,113-4693954-5232217,https://www.amazon.com/dp/B000NUYEQI,,Closed,strict,,,,
Amazon (personal),2025-02-01,"TICONN 100PCS Heat Shrink Butt Wire Connector Kit, Insulated Waterproof Electrical Wire Crimp Terminals Butt Splice for Marine Automotive (100PCS)",,1,9.95,10.98,B086Z3H4X8,113-4693954-5232217,https://www.amazon.com/dp/B086Z3H4X8,,Closed,general,,,strong,
Amazon (personal),2025-02-03,"12-Way 12V Fuse Box Blade, 12-Volt Fuseholder, No LED Indicator, Moisture Resistant Cover - with Ground Bus 12-Way Independent Positive Fuseholder for 12V/24V Cars, Car Trucks, Boats, Marine Vehicles",,1,18.99,20.96,B0B9BM2X3F,112-1785065-2505059,https://www.amazon.com/dp/B0B9BM2X3F,,Closed,general,,,strong,
Amazon (personal),2025-02-03,"14 Gauge Marine Wire,14 AWG 30ft Duplex Marine Grade Wire,Tinned Copper Oxygen-Free Insulated Red& Black Boat Electrical Cable for Boat/Automotive/RV/Camper/Trailer",,1,22.87,25.25,B0B6HV6N3N,112-1785065-2505059,https://www.amazon.com/dp/B0B6HV6N3N,,Closed,strict,,,,
Amazon (personal),2025-02-03,"180 PCS Heat Shrink Wire Connectors, Ring Terminals Kits, Automotive Marine Ring Terminal Connectors for 10 12 14 16 18 22 AWG by Housun",,1,11.99,13.24,B0B2MLNV87,112-1785065-2505059,https://www.amazon.com/dp/B0B2MLNV87,,Closed,general,,,strong,
Amazon (personal),2025-02-03,MILAPEAK Terminal Block and Strip - 4 pcs 8 Positions 600V 25A Dual Row Screw Terminals Strip with Cover + 8 pcs 400V 25A 8 Positions Pre-Insulated Terminal Barrier Jumper Strips Black & Red,,1,15.89,17.54,B07L1PMQ58,112-1785065-2505059,https://www.amazon.com/dp/B07L1PMQ58,,Closed,general,,,likely,
Amazon (personal),2025-02-06,"Regatta Processing NMEA 2000 (N2K) 1 Meter (3ft 3 inches), Backbone, Drop or Extension Cable for Lowrance Simrad B&G Navico & Garmin Networks.",,1,19.98,22.06,B08SCCZ8M6,113-4133069-7209841,https://www.amazon.com/dp/B08SCCZ8M6,Y,Closed,strict,,,,
Amazon (personal),2025-02-06,Regatta Processing NMEA 2000 (N2k) (Tee) T-Connector for Garmin Lowrance Simrad B&G & Navico Networks,,1,11.98,13.23,B086N5H6NH,113-4133069-7209841,https://www.amazon.com/dp/B086N5H6NH,Y,Closed,strict,,,,
Amazon (personal),2025-02-07,"16 Gauge Wire 2 Conductor Electrical Wire, 16 AWG Wire Stranded PVC Cord, 12V Low Voltage/Tinned Copper/Flexible/16/2 Wire for Automotive Wire LED Strips Lamp Lighting Marine (50FT-15.24M)",,1,26.99,29.8,B0B45BNHPQ,112-8500998-7007449,https://www.amazon.com/dp/B0B45BNHPQ,,Closed,general,,,strong,
Amazon (personal),2025-02-07,"73Pcs(6Sets) Terminal Block Set, 6Pcs 8 Positions 600V 15A Dual Row Screw Terminal Strip Block + 6Pcs Pre-Insulated Terminals Barrier Strip + 60Pcs Insulated Fork Wire Connector by CGele...",,1,12.89,14.23,B08GCJL8PC,112-8500998-7007449,https://www.amazon.com/dp/B08GCJL8PC,,Closed,general,,,likely,
Amazon (personal),2025-02-07,"DC-DC Boost Converter Regulator 12v to 24V 3A 72W Power Waterproof Adapter, Suitable for converters in Automobiles, Trucks, Vehicles, and Ships",,1,12.99,14.34,B0CHG11J1R,112-8500998-7007449,https://www.amazon.com/dp/B0CHG11J1R,,Closed,general,,,likely,
Amazon (personal),2025-02-07,"DC-DC Boost Converter, DC Converter 12V to 24V 10A 240W Power Voltage Converter with Fuse Waterproof, Step-Up Transformer for Golf Cart LED Light Motor Truck Vehicle Boat etc. (Accept DC9-20V Inputs)",,1,20.99,23.17,B08YY9B3KD,112-8500998-7007449,https://www.amazon.com/dp/B08YY9B3KD,,Closed,general,,,strong,
Amazon (personal),2025-02-07,"Geosiry 18 Gauge 3 Conductor Wire, 33FT Stranded Tinned Copper Wire, 3 Wire Cable for LED Strips Lamps Lighting Marine Automotive (18AWG, 33FT)",,1,13.27,14.65,B0BLS1GWH5,112-6053190-5016260,https://www.amazon.com/dp/B0BLS1GWH5,,Closed,strict,,,,
Amazon (personal),2025-02-07,LED Strip Lights 24V COB LED Daylight White 6000K Super Bright LED16.4ft Dotless High Density Cuttable Flexible for Cabinet Home DIY White 24V LED Commercial Lighting Projects (Adapter Not Included),,1,13.99,13.9,B0D8L9HJXN,112-8500998-7007449,https://www.amazon.com/dp/B0D8L9HJXN,,Closed,general,,,likely,
Amazon (personal),2025-02-07,"RVZONE LED Boat Interior Lights, Boat Led Strip Lights Marine Led Boat Lights Waterproof Marine Led Lights Strip Night Fishing Lights for Yacht Fishing Pontoon Boat,4 Pcs",,1,17.99,19.66,B0C9CJYRHJ,112-8500998-7007449,https://www.amazon.com/dp/B0C9CJYRHJ,,Closed,general,,,strong,
Amazon (personal),2025-02-12,18 awg Silicone Electrical Wire 2 Conductor Parallel Wire line 60ft [Black 30ft Red 30ft] 18 Gauge Soft and Flexible Hook Up Oxygen Free Strands Tinned Copper Wire,,1,12.98,14.33,B07FMRDP87,112-3621600-2562607,https://www.amazon.com/dp/B07FMRDP87,,Closed,strict,,,,
Amazon (personal),2025-02-12,"2-Pack DC 12V/24V to 5V USB C Buck Converter 3A 15W Type-C Output Charging Module Waterproof Buck Power Adapter Compatible with Raspberry Pi 4, Mobile",,1,12.99,14.34,B0BNQ5JNWZ,113-3616503-7032246,https://www.amazon.com/dp/B0BNQ5JNWZ,,Closed,general,,,likely,
Amazon (personal),2025-02-12,"Ancor Marine Grade Products 702027 Electrical Micro Therm Heat Gun,Black,red",,1,31.41,34.68,B000NI01BW,113-2842144-9185819,https://www.amazon.com/dp/B000NI01BW,,Closed,strict,,,,
Amazon (personal),2025-02-12,"Cyrico Fuse Block, 12v Fuse Box Holder with Led Warning Indicator Waterpoof Cover, 6 Circuit Marine Fuse Block Fuse Panel with Negative Bus Distribution Block for Automotive Boat Car Bus Rv DC 12-24V",,1,9.99,11.03,B0DJV873JN,113-3616503-7032246,https://www.amazon.com/dp/B0DJV873JN,,Closed,strict,,,,
Amazon (personal),2025-02-12,Garmin Airmar DST810 Smart Transducer,,1,346.58,382.62,B092CXF329,112-3621600-2562607,https://www.amazon.com/dp/B092CXF329,,Closed,strict,,,,
Amazon (personal),2025-02-12,Qibaok Crimping Tool Ratcheting Wire Crimper for Heat Shrink Connectors Ratchet Terminal Crimper Wire Crimp Tool AWG 22-10,,1,17.99,19.86,B07YZ4QGPC,113-2842144-9185819,https://www.amazon.com/dp/B07YZ4QGPC,,Closed,general,,,likely,
Amazon (personal),2025-02-12,"Regatta Processing NMEA 2000 (N2K) 3 Meter Backbone, Drop or Extension Cable for Lowrance Simrad B&G Navico & Garmin Networks.",,1,28.98,31.99,B09YKPNFY7,112-8847267-9585824,https://www.amazon.com/dp/B09YKPNFY7,,Closed,strict,,,,
Amazon (personal),2025-02-14,20 awg Silicone Electrical Wire 2 Conductor Parallel Wire line 200ft [Black 100ft Red 100ft] 20 Gauge Soft and Flexible Hook Up Oxygen Free Stranded Tinned Copper Wire,,1,18.98,20.95,B07K9JKXM9,112-4823377-0625855,https://www.amazon.com/dp/B07K9JKXM9,,Closed,strict,,,,
Amazon (personal),2025-02-14,Regatta Processing NMEA 2000 (N2K) 2 Meter (6ft 6 inches) Backbone Drop or Extension Cable for Lowrance Simrad B&G Navico & Garmin Networks.,,1,23.98,26.47,B08SCJVRGZ,112-4823377-0625855,https://www.amazon.com/dp/B08SCJVRGZ,,Closed,strict,,,,
Amazon (personal),2025-02-19,HKS 100PCS Fork Connector #8 Blue 16-14 Gauge - Heat Shrink Spade Fork Wire Connectors Kit - Tinned Red Copper - Automotive Marine Crimp Connectors - Waterproof and Insulated Terminals,,1,11.98,13.23,B0BF8ZW6PW,112-5599667-6876243,https://www.amazon.com/dp/B0BF8ZW6PW,,Closed,general,,,likely,
Amazon (personal),2025-02-19,HKS 100PCS Fork Connector #8 Red 22-16 Gauge - Heat Shrink Spade Fork Wire Connectors Kit - Tinned Red Copper - Automotive Marine Crimp Connectors - Waterproof and Insulated Terminals,,1,11.98,13.23,B0BF8P9915,112-7426061-4846625,https://www.amazon.com/dp/B0BF8P9915,,Closed,general,,,likely,
Amazon (personal),2025-02-20,"Marine Wire 10 Gauge,10 AWG Marine Grade Wire,10/3 Triplex Boat Cable,10 Gauge Oxygen-Free Copper Cable for Automotive RV Boat Speaker Solar Outdoor - 20ft",,1,41.39,45.69,B0C49C66QR,112-7031272-0154632,https://www.amazon.com/dp/B0C49C66QR,,Closed,strict,,,,
Amazon (personal),2025-02-20,"SFEG Halex, 31212, 12 FT. Marine Shore Power Extension Cord for Boats, Campers, or RVs, 30 Amp, 125 Volt, Yellow",,1,18.66,35.55,B08HVRJ8WK,112-6206859-5172255,https://www.amazon.com/dp/B08HVRJ8WK,,Closed,strict,,,,
Amazon (personal),2025-02-24,"6 AWG Battery Cable 6 Gauge Battery Wires with 5/16 terminals Power Inverter Cables for Solar Boat Marine RV Car (4FT, with 6 AWG 5/16"" Lugs)",,1,20.99,23.17,B0BRZT6R7H,112-5465118-7644236,https://www.amazon.com/dp/B0BRZT6R7H,,Closed,general,,,strong,
Amazon (personal),2025-02-24,GOGONFLY Battery Disconnect Switch 12V-48V DC 275A Battery Power Master Isolator Shut Off Switch for Marine Boat Car Truck Camper RV Trailer,,1,12.99,14.34,B0981PHXLK,112-5465118-7644236,https://www.amazon.com/dp/B0981PHXLK,,Closed,strict,,,,
Amazon (personal),2025-02-25,"2 Pack 100 Amp Inline Circuit Breaker 12V with Manual Reset,Fuse Holder 100A for Car Audio Marine Boat Stereo Switch Inverter Replace Fuses",,1,19.15,21.14,B07W788KQQ,112-5082001-4964211,https://www.amazon.com/dp/B07W788KQQ,,Closed,strict,,,,
Amazon (personal),2025-02-25,BNTECHGO 8 Gauge Silicone Wire Kit 2 Color Each 10 ft Flexible 8 AWG Stranded Tinned Copper Wire,,1,27.48,30.34,B08R344GYF,112-5082001-4964211,https://www.amazon.com/dp/B08R344GYF,,Closed,strict,,,,
Amazon (personal),2025-02-25,"Kimbluth 8 Gauge Duplex Marine Wire Tinned Copper Boat Cable, 30ft 8 AWG Standard USA OFC Oxygen Free Copper Wire for Automotive Boat Speakers Solar Outdoors",,1,59.99,62.92,B0B55YN45P,112-3258369-1771411,https://www.amazon.com/dp/B0B55YN45P,Y,Closed,strict,,,,
Amazon (personal),2025-02-25,"Klein Tools 11063W Wire Cutter / Wire Stripper, Heavy Duty Automatic Wire Stripper Tool for 8-20 AWG Solid and 10-22 AWG Stranded Electrical Wire",,1,29.97,33.09,B00BC39YFQ,112-3258369-1771411,https://www.amazon.com/dp/B00BC39YFQ,Y,Closed,general,,,likely,
Amazon (personal),2025-02-25,"RED WOLF 2PCS 5/16"" M8 Dual Stud Bus Bar 12-48V Power Distribution Block Holder 250A DC MAX, Battery Terminal Junction Dual Power Stud Busbar for Car Marine Boat Red & Black w/Screws",,1,15.99,16.24,B0D9N8JXN6,112-3258369-1771411,https://www.amazon.com/dp/B0D9N8JXN6,Y,Closed,general,,,strong,
Amazon (personal),2025-02-25,"Recoil 10 Pack Silicone Terminal Covers for Alternator Battery Stud and Power Junction Blocks, Fits 10-2 AWG Wire, 5 Red and 5 Black Pairs",,1,10.99,12.13,B08BL4S5YJ,112-3258369-1771411,https://www.amazon.com/dp/B08BL4S5YJ,Y,Closed,general,,,strong,
Amazon (personal),2025-02-25,"TKDMR 10pcs 8 Awg-3/8"" Ring Marine Grade Copper Wire Lugs,with 3:1 Heat Shrink Tubing,UL Battery Cable Ends,Heavy Duty Cable Lugs,Tinned Copper Eyelets,Tubular Ring Terminals",,1,7.87,8.69,B094FWYT3V,112-3258369-1771411,https://www.amazon.com/dp/B094FWYT3V,Y,Closed,general,,,strong,
Amazon (personal),2025-02-25,"iCrimp AP-50BI Battery Cable Ring Terminal Crimper for 8, 6, 4, 2AWG Copper Cable Lugs, Heavy Duty Wire Lugs and Battery Cable Ends",,1,17.15,18.93,B07WNVSMPN,112-5082001-4964211,https://www.amazon.com/dp/B07WNVSMPN,,Closed,general,,,likely,
Amazon (personal),2025-02-26,Blue Sea Systems 7610 SI-ACR Automatc Charging Relay - 12/24V DC / 120A,,1,71.38,78.8,B000OTIPDQ,114-0067633-9897831,https://www.amazon.com/dp/B000OTIPDQ,Y,Closed,strict,,,,
Amazon (personal),2025-02-26,DaierTek 300 Amp ANL Fuse Block with 300A ANL Fuse Max 500A for Truck Automotive Marine,,1,9.99,11.03,B0D1V7X9BL,114-0067633-9897831,https://www.amazon.com/dp/B0D1V7X9BL,Y,Closed,general,,,likely,
Amazon (personal),2025-02-26,"Joinfworld MRBF Terminal Fuse Block 300A 58V DC Battery Terminal Fuse Kit with 5/16"" Stud Marine Battery Fuse and Waterproof Cap for Boat Truck RV Construction Vehicles",,1,15.98,17.64,B0BLYM1RLN,114-8562031-7065040,https://www.amazon.com/dp/B0BLYM1RLN,,Closed,general,,,likely,
Amazon (personal),2025-02-27,APIELE 25A Screw Terminal Block Covered 4 Position Dual Row 25A 4 Position Pre-Insulated Terminal Barrier Strip (6PCS 25A 4P+ 6PCS Wiring Strips),,2,11.99,26.48,B0D7VTMTBH,112-0658120-9713825,https://www.amazon.com/dp/B0D7VTMTBH,,Closed,general,,,likely,
Amazon (personal),2025-02-27,"Joinfworld MRBF Terminal Fuse Block 300A 58V DC Battery Terminal Fuse Kit with 5/16"" Stud Marine Battery Fuse and Waterproof Cap for Boat Truck RV Construction Vehicles",,1,15.98,17.64,B0BLYM1RLN,112-5416621-6626637,https://www.amazon.com/dp/B0BLYM1RLN,,Closed,general,,,likely,
Amazon (personal),2025-02-27,uxcell 3 Pcs Dual Rows 3 Positions 600V 45A Wire Barrier Block Terminal Strip TB-4503L,,1,9.99,11.03,B07DM1HQ75,112-8764107-6446619,https://www.amazon.com/dp/B07DM1HQ75,,Closed,general,,,likely,
Amazon (personal),2025-03-05,"10pcs 4 Awg - 3/8"" (M10) Sanuke Wire Lugs Ring Terminal Connectors Ends, UL Listed Heavy Duty for Battery Cable Lug Wire Electrical Eyelets with 3:1 Dual Wall Adhesive Heat Shrink",,1,6.99,7.72,B092ZN6TGP,112-1842048-2169838,https://www.amazon.com/dp/B092ZN6TGP,,Closed,general,,,likely,
Amazon (personal),2025-03-05,M1A2 Circuit Breaker Switch 15A Waterproof Fuse Inline Holder Resettable Fuse Manual Reset 12V-48V DC for Car Audio Sound Amplifier System RV Home Marine Boat Truck,,1,9.99,11.03,B0BBRLWHNF,112-5828471-4485851,https://www.amazon.com/dp/B0BBRLWHNF,,Closed,strict,,,,
Amazon (personal),2025-03-05,"QOOSIKICC 650 Pcs 7 Sizes Wire Ferrules Kit, Tinned Copper Crimp Connectors, 22-18 AWG 16-14 AWG 12-10 AWG Non Insulated Electrical Cable Pin Cord End Terminals, Wire Copper Crimp Fitting Ferrules",,1,6.99,7.72,B0BN62LSBJ,112-4392606-2917001,https://www.amazon.com/dp/B0BN62LSBJ,,Closed,general,,,likely,
Amazon (personal),2025-03-05,"Sumnacon Multimeter Banana Plug to Crocodile Alligator Clip Test Probe, 5PCS 4mm Stackable Colorful Silicone Banana Plug to Alligator Clip Test Probe Lead Wire Cable 1M",,1,12.99,14.34,B071SL6PQS,112-4392606-2917001,https://www.amazon.com/dp/B071SL6PQS,,Closed,general,,,likely,
Amazon (personal),2025-03-06,Victron Energy Orion-Tr DC to DC Converter - 24/12-Volt 5 amp 60-Watt - IP43 Protected - for Dual Battery Systems - Non-Isolated,,1,15.3,16.89,B072C57N84,114-2497903-2555402,https://www.amazon.com/dp/B072C57N84,Y,Closed,strict,,,,
Amazon (personal),2025-03-07,"Klein Tools 1005 Cutting / Crimping Tool for 10-22 AWG Terminals and Connectors, Made in USA, Terminal Crimper for Insulated and Non-Insulated Terminals",,1,29.97,33.09,B0006M6Y5M,112-0797475-1634649,https://www.amazon.com/dp/B0006M6Y5M,Y,Closed,general,,,likely,
Amazon (personal),2025-03-07,"Preciva Hexagonal Ferrule Crimping Tool, AWG 28-7(0.08-10mm²) Crimper Plier Adjustable Ratcheting Wire Crimping Tool",,1,19.99,19.86,B0CRDH4W7B,112-0797475-1634649,https://www.amazon.com/dp/B0CRDH4W7B,Y,Closed,general,,,likely,
Amazon (personal),2025-03-07,TEMCo Hammer Lug Crimper Tool - Crimps 8 AWG to 4/0 Battery & Welding Cables (Workbench-Mountable),,1,15.95,17.61,B00E1UUVT0,112-0797475-1634649,https://www.amazon.com/dp/B00E1UUVT0,Y,Closed,general,,,likely,
Amazon (personal),2025-03-09,Amarine Made Deluxe LED Rocker Bilge Pump Switch Panel & Circuit Breaker - Auto/Off/Man LED Lighted Control Switches for RV Truck Caravan Vehicles Off-Road Camper,,2,12.99,28.68,B00V4NYJ68,112-0428324-7498629,https://www.amazon.com/dp/B00V4NYJ68,Y,Closed,strict,,,,
Amazon (personal),2025-03-09,"RJ45 Crimp Tool Pass Through Ethernet Crimper Kit Cat5 Cat6 Crimping Tool Kit, RJ45 Ethernet Crimping Tool Kit RJ45 Crimper",,1,21.99,24.28,B0CXJH6K55,112-0428324-7498629,https://www.amazon.com/dp/B0CXJH6K55,Y,Closed,general,,,likely,
Amazon (personal),2025-03-20,"Bates- Nylon Cable Gland, 50 pcs, 3-16 mm Cable Gland Connectors, PG7, PG9, PG11, PG13.5, PG16, PG19, Waterproof Cable Connector, Black Cord Grip, Plastic Cable Connector, Cable Glands Waterproof",,1,13.99,15.44,B09W9Q5HMH,112-8592989-7647420,https://www.amazon.com/dp/B09W9Q5HMH,,Closed,general,,,likely,
Amazon (personal),2025-03-20,"YETLEBOX Watertight Junction Box, IP67 Waterproof Electrical Project Box with 6P 15A Barrier Terminals,3P Cable Glands Electronic Enclosure 3.26"" x 3.18"" x 2.2""",,1,4.44,4.9,B0CXN5KQG3,112-8592989-7647420,https://www.amazon.com/dp/B0CXN5KQG3,,Closed,general,,,strong,
Amazon (personal),2025-03-25,"2-Pack DC 12V/24V to 5V USB C Buck Converter 3A 15W Type-C Output Charging Module Waterproof Buck Power Adapter Compatible with Raspberry Pi 4, Mobile",,1,12.99,14.34,B0BNQ5JNWZ,112-3646206-1839414,https://www.amazon.com/dp/B0BNQ5JNWZ,,Closed,general,,,likely,
Amazon (personal),2025-03-25,Twidec/100PCS Heat Shrink Spade Connectors Kit 22-10 AWG Female and Male Spade Terminlas Quick Disconnect Connectors Fully Insulated Electrical Wire Crimp Connector for Automotive Marine N-070-100PCS,,1,8.99,9.92,B0D5L9421T,112-2727699-0607460,https://www.amazon.com/dp/B0D5L9421T,,Closed,general,,,likely,
Amazon (personal),2025-03-26,"Baomain 1 Amp Blade Fuses 1A 32V Fast-Acting Fuse for Automotive Car Truck, Short Circuit Protection Car Fuse, 1A Auto Fuses ATC/ATO - Pack of 25",,1,5.79,6.39,B01H9XALY0,112-1707496-7085828,https://www.amazon.com/dp/B01H9XALY0,,Closed,general,,,likely,
Amazon (personal),2025-03-26,Fastronix Red and Black Top Post Style Flexible Battery Terminal Cover,,1,7.99,8.82,B011CO8806,112-1707496-7085828,https://www.amazon.com/dp/B011CO8806,,Closed,general,,,likely,
Amazon (personal),2025-03-26,Victron Energy Temperature Sensor for Victron Energy BMV-702/712,,1,29.25,32.29,B01M06654A,112-5191889-2850657,https://www.amazon.com/dp/B01M06654A,Y,Closed,strict,,,,
Amazon (personal),2025-04-08,"ECO-WORTHY 12V 280AH LiFePO4 Lithium Battery with Bluetooth, Low Temp Protection, Built-in 200A BMS, 3584Wh Energy. Perfect for Off-Grid, RV, Solar System, Camper, Travel Trailer, Backup System",,1,529.99,441.59,B0CJY4413M,112-8965906-0825003,https://www.amazon.com/dp/B0CJY4413M,,Closed,general,,,strong,
Amazon (personal),2025-04-08,"ECO-WORTHY 2AWG Battery Cable with 5/16'' Lug Terminals 12inch Cables Set Tinned Copper Battery Inverter Cable for Car, Truck, RV, Solar",,2,13.99,27.8,B0CPSXZQ4F,112-7394883-9013819,https://www.amazon.com/dp/B0CPSXZQ4F,,Closed,general,,,strong,
Amazon (personal),2025-04-08,"HQRP BAY15d LED Light Bulb Replacement for Ancor Marine Bulb 529340 529341 521158 521162 521166 529344 Double Contact Index Base, 33LED SMD2835 Cool White 12-24V DC Marine Navigation",,1,11.45,12.01,B087113Z68,112-0322049-8183474,https://www.amazon.com/dp/B087113Z68,Y,Closed,strict,,,,
Amazon (personal),2025-04-09,ELING Marine Boat Rudder Angle Sensor Sender 0-190ohm,,1,23.59,26.04,B07V4PTW89,114-6470936-7441029,https://www.amazon.com/dp/B07V4PTW89,,Closed,strict,,,,
Amazon (personal),2025-04-09,RED WOLF 60Amp Circuit Breaker for Boat Trolling Motor Marine ATV Trailer Vehicles Stereo Audio Electronic Battery Solar System Inline Fuse with Manual Reset Switch Waterproof DC 12V-48V,,1,14.99,16.55,B08LYG7ZYF,112-2206060-9485813,https://www.amazon.com/dp/B08LYG7ZYF,,Closed,strict,,,,
Amazon (personal),2025-04-14,"ECO-WORTHY 12V 280AH LiFePO4 Lithium Battery with Bluetooth, Low Temp Protection, Built-in 200A BMS, 3584Wh Energy. Perfect for Off-Grid, RV, Solar System, Camper, Travel Trailer, Backup System",,1,399.99,441.59,B0CJY4413M,112-7873356-5942647,https://www.amazon.com/dp/B0CJY4413M,,Closed,general,,,strong,
Amazon (personal),2025-04-15,"ANL Fuse Holder, Malictele 250Amp Fuse with 0/2/4 Gauge AWG Inline ANL Fuse Holder Car Audio ANL Fuse Holder widely Used in Cars Trucks Boats 2 Pack",,1,8.99,9.92,B0CY4FP6GP,112-4727950-4092200,https://www.amazon.com/dp/B0CY4FP6GP,,Closed,general,,,likely,
Amazon (personal),2025-04-16,Renogy 400A Set w Holder ANL Fuse,,1,11.99,13.24,B0CM6HTPXC,112-5099801-7444257,https://www.amazon.com/dp/B0CM6HTPXC,,Closed,strict,,,,
Amazon (personal),2025-04-18,"Battery Terminal Connectors 2 Pair, Battery Terminals M8 x 21mm Bolt, Battery Cable Ends Pure Copper with Anti-Corrosion Pad for Car RV Accessories Automotive Car Marine Battery by XIOGZAXI",,1,9.99,11.03,B0BV39296T,112-3972519-5565818,https://www.amazon.com/dp/B0BV39296T,,Closed,general,,,likely,
Amazon (personal),2025-04-18,"Blue Sea Systems 6006 m-Series Battery Switch ON/OFF with Knob, Red",,2,26.99,59.6,B00445KFZ2,112-3537833-8029031,https://www.amazon.com/dp/B00445KFZ2,,Closed,strict,,,,
Amazon (personal),2025-05-04,"Gisafai 4 Pieces C110 Copper Flat Bar 1/8"" x 1"" x 12"" Long Solid Copper Bus Bar Stock Plate Mill Stock Bus Solid Metal Sheets for Crafting Jewelry Repairs Enameling Electrical",,1,31.99,35.32,B0CFXRG8M6,112-6875463-1017806,https://www.amazon.com/dp/B0CFXRG8M6,,Closed,general,,,strong,
Amazon (personal),2025-05-04,"HWYEE 2Pcs C110 Copper Flat Bar 12"" Long, Copper Bus Bar 99.98% Copper Metal, Copper Flat Bar Stock 1/4"" (6mm) x 1"" (25mm) x 12""(305mm) for Various DIY(2PCS,6 * 25 * 305mm)",,1,33.29,33.08,B0D31GT2TX,112-7547463-4337803,https://www.amazon.com/dp/B0D31GT2TX,,Closed,general,,,likely,
Amazon (personal),2025-05-07,"END GAME 2 AWG Gauge Marine Grade Battery Cables, Made in USA, Fully Assembled with Heavy Duty Tinned Lugs, 1ft-15ft Lengths Available (Single Red, 4ft - 3/8"" Lugs)",,1,26.09,28.8,B082RYMKRN,112-5217289-0387429,https://www.amazon.com/dp/B082RYMKRN,,Closed,general,,,strong,
Amazon (personal),2025-05-08,"Blue Sea Systems 6006 m-Series Battery Switch ON/OFF with Knob, Red",,1,28.7,26.93,B00445KFZ2,112-0770495-5481853,https://www.amazon.com/dp/B00445KFZ2,,Closed,strict,,,,
Amazon (personal),2025-05-09,"MEYOOZIISU 2"" Heat Shrink Tubing - 3:1 Ratio Dual Wall Adhesive Lined, Marine Grade, Waterproof Insulation - Electrical Industrial Cable Wire Tube Wrap - Red, 4FT",,1,8.99,9.92,B0D87747HV,112-4654506-7246627,https://www.amazon.com/dp/B0D87747HV,,Closed,general,,,strong,
Amazon (personal),2025-05-10,"ANL Fuse Holder, Malictele 250Amp Fuse with 0/2/4 Gauge AWG Inline ANL Fuse Holder Car Audio ANL Fuse Holder widely Used in Cars Trucks Boats 2 Pack, 250A-2",,1,8.99,9.92,B0CY4FP6GP,112-2371802-2153802,https://www.amazon.com/dp/B0CY4FP6GP,,Closed,general,,,likely,
Amazon (personal),2025-05-14,"2 AWG Battery Cable 2AWG Gauge Battery Inverter Cables for Automotive Solar Marine Boat RV Car Motorcycle (2 AWG, 5FT, 3/8"")",,1,36,35.77,B0C4VC1HW5,112-5850329-7738605,https://www.amazon.com/dp/B0C4VC1HW5,,Closed,general,,,strong,
Amazon (personal),2025-05-14,6 Way DC 12~32V Blade Fuse Box Holder Fuse Block with LED Warning Light Protection Cover for Automotive Car Boat Marine Trike with Detailed Instruction Manual,,1,9.9,10.93,B07M6PLJWF,112-6500575-9934638,https://www.amazon.com/dp/B07M6PLJWF,,Closed,general,,,strong,
Amazon (personal),2025-05-14,"6-Way Marine Fuse Block,Waterproof 12v Fuse Block with LED Indicator for 12V/24V Automotive Golf Cart Truck Car Boat Marine RV Motorcycle",,1,9.99,11.03,B0B1V92QBR,112-5588529-4949868,https://www.amazon.com/dp/B0B1V92QBR,,Closed,strict,,,,
Amazon (personal),2025-05-14,RED WOLF 60Amp Circuit Breaker for Boat Trolling Motor Marine ATV Trailer Vehicles Stereo Audio Electronic Battery Solar System Inline Fuse with Manual Reset Switch Waterproof DC 12V-48V,,1,15.99,17.65,B08LYG7ZYF,112-7101460-7517857,https://www.amazon.com/dp/B08LYG7ZYF,,Closed,strict,,,,
Amazon (personal),2025-05-17,HKS Crimping Tool for Sleeves Ferrule Terminals & Pin Cord End- Ratcheting Wire Crimpers - AWG 10-2 (6-35mm²) - Ratchet Terminal Crimper - Electrical Crimping Tool,,1,19.98,19.85,B0BV21S2VL,112-1352300-6313828,https://www.amazon.com/dp/B0BV21S2VL,,Closed,general,,,likely,
Amazon (personal),2025-05-17,Wirefy 120 PCS Tinned Copper Wire Lugs Kit - Battery Lugs - Crimp Battery Cable Ends - Ring Terminals - 10-4 Gauge,,1,23.09,25.49,B08BYZ2HQK,112-4314546-9833029,https://www.amazon.com/dp/B08BYZ2HQK,,Closed,strict,,,,
Amazon (personal),2025-05-17,"Wirefy Heat Shrink Tubing Kit - 3:1 Ratio Adhesive Lined, 1.75"" Length, Wire Shrink Wrap Tubing - Automotive Industrial Heat-Shrink Tubing - Black, Red, White, Clear, Blue - 275 PCS",,1,15.99,17.65,B084GWYX42,112-4314546-9833029,https://www.amazon.com/dp/B084GWYX42,,Closed,general,,,strong,
Amazon (personal),2025-05-17,mankk 166 Pcs Wire Ferrules Kits Silver Plated Copper Crimp Terminal Connector 8 Sizes AWG (1/0 2/0 2 4 6 8 10 12) Sleeves Insulated Cord Pin End Terminal M-020,,1,9.99,11.03,B097ZNCKMZ,112-1352300-6313828,https://www.amazon.com/dp/B097ZNCKMZ,,Closed,general,,,likely,
Amazon (personal),2025-06-26,"irhapsody 60 AMP ANL Fuse Holder Kit, 3 Pack",,1,12.99,14.34,B0C6P6PWMX,112-9246656-8916248,https://www.amazon.com/dp/B0C6P6PWMX,,Closed,general,,,likely,
Amazon (personal),2025-07-11,Automatic Bilge Pump Sensor Switch Electric Field Alarm for Ship Yacht ABS Material,,1,28.28,31.22,B0DM4WZKMX,112-2683477-6053027,https://www.amazon.com/dp/B0DM4WZKMX,Y,Closed,strict,,,,
Amazon (personal),2025-08-10,"Marine Wire 10 Gauge,10 AWG Marine Grade Wire,10/3 Triplex Boat Cable,10 Gauge Oxygen-Free Copper Cable for Automotive RV Boat Speaker Solar Outdoor - 20ft",,1,41.39,45.69,B0C49C66QR,112-8032615-5154632,https://www.amazon.com/dp/B0C49C66QR,Y,Closed,strict,,,,
Amazon (personal),2025-08-10,Teansic 200 Pcs 22-16 AWG #8 Black & Red Insulated Brass Fork Wire Connector U Type Electrical Crimp Spade Terminals (100 Red + 100 Black),,1,9.99,10.15,B0B27X5T7S,112-8032615-5154632,https://www.amazon.com/dp/B0B27X5T7S,Y,Closed,general,,,strong,
Amazon (personal),2025-08-10,"XALXMAW 6Pcs Lever Wire Connectors, 12 Position Terminal Strip Conductor Electrical Connectors Kit for Circuit Inline 24-12 AWG",,1,18.98,20.95,B0B28BXBRR,112-8032615-5154632,https://www.amazon.com/dp/B0B28BXBRR,Y,Closed,general,,,strong,
Amazon (personal),2025-08-11,"Lever Wire Connectors, HTCELLE 60-Piece Quick Connect Electrical Splicing Kit for Compact Inline Terminals - 28-12 AWG, 1 in 1 out",,1,9.99,11.03,B0C3LBWSTZ,112-3479659-7093035,https://www.amazon.com/dp/B0C3LBWSTZ,,Closed,general,,,likely,
Amazon (personal),2025-08-14,"CONEPY 14 Gauge Marine Wire, 14/3 Triplex Marine Grade Cable, IP68 Waterproof/Oxygen-Free Tinned Copper Stranded PVC 14 AWG Wire for Boat, Automotive, RV, Solar, LED Strips (50FT/15M)",,1,42.74,47.18,B0DQY5Z4Z3,112-3006419-5208249,https://www.amazon.com/dp/B0DQY5Z4Z3,,Closed,strict,,,,
Amazon (personal),2025-08-14,"CONEPY 14 Gauge Marine Wire, 14/3 Triplex Marine Grade Cable, IP68 Waterproof/Oxygen-Free Tinned Copper Stranded PVC 14 AWG Wire for Boat, Automotive, RV, Solar, LED Strips (50FT/15M)",,0,42.74,0,B0DQY5Z4Z3,112-1860536-6553832,https://www.amazon.com/dp/B0DQY5Z4Z3,,Cancelled,strict,,,,
Amazon (personal),2025-08-20,RED WOLF 60Amp Circuit Breaker for Boat Trolling Motor Marine ATV Trailer Vehicles Stereo Audio Electronic Battery Solar System Inline Fuse with Manual Reset Switch Waterproof DC 12V-48V,,1,15.99,17.65,B08LYG7ZYF,112-6237887-4044262,https://www.amazon.com/dp/B08LYG7ZYF,,Closed,strict,,,,
Amazon (personal),2025-08-25,"Fidioto 1900pcs Wire Ferrules Terminals Kit, AWG 22-10 Terminal Connector Wire Insulated Cord Pin Ends Terminals for Electric, Industrial, Power Control System, etc.",,1,14.99,16.55,B09XQN3J6N,112-5314130-1683440,https://www.amazon.com/dp/B09XQN3J6N,,Closed,general,,,likely,
Amazon (personal),2025-09-19,RED WOLF 60Amp Circuit Breaker for Boat Trolling Motor Marine ATV Trailer Vehicles Stereo Audio Electronic Battery Solar System Inline Fuse with Manual Reset Switch Waterproof DC 12V-48V,,1,15.99,17.65,B08LYG7ZYF,112-9670885-3417029,https://www.amazon.com/dp/B08LYG7ZYF,,Closed,strict,,,,
Amazon (personal),2025-09-21,"ECO-WORTHY 2AWG Battery Cable with 5/16'' Lug Terminals 12inch Cables Set Tinned Copper Battery Inverter Cable for Car, Truck, RV, Solar",,1,13.99,15.44,B0CPSXZQ4F,112-4898569-8385036,https://www.amazon.com/dp/B0CPSXZQ4F,,Closed,general,,,likely,
Amazon (personal),2025-10-18,uxcell 250V 200A Multi Block Fuse Class T Fuse Holder Circuit Fuses for Cars Boats Trucks,,1,21.29,23.5,B0CM6NQL43,112-0159743-3192214,https://www.amazon.com/dp/B0CM6NQL43,,Closed,strict,,,,
Amazon (personal),2025-11-23,HKS 60PCS Fork Connector #8 Yellow 12-10 Gauge - Heat Shrink Spade Fork Wire Connectors Kit - Tinned Red Copper - Automotive Marine Crimp Connectors - Waterproof and Insulated Terminals,,1,11.99,13.24,B0BF9LNCDK,112-8238227-7727435,https://www.amazon.com/dp/B0BF9LNCDK,,Closed,general,,,likely,
Amazon (personal),2026-02-02,"ISINSWIFT Dual Battery Isolator 12V 140Amp, Voltage Sensitive Relay VSR, Fit for UTV Marine Car RV Boat Truck Trailer ATV Camper Moto, Not Fit for Lithium Batteries",,1,13.99,15.46,B0CQTQ3H7N,112-1449651-9833807,https://www.amazon.com/dp/B0CQTQ3H7N,,Closed,strict,,,,
Amazon (personal),2026-02-02,Victron Energy BatteryProtect 12/24-Volt 65 amp,,1,32.9,36.35,B01N6ATT8C,112-1372250-5384264,https://www.amazon.com/dp/B01N6ATT8C,,Closed,strict,,,,
Amazon (personal),2026-02-03,"VEVOR Dual Battery Isolator, 12V 140 Amp, Manual and Automatic VSR Voltage Sensitive Relay with LCD Screen, Smart Battery Isolator for Lithium & Lead-Acid Batteries, for Car Truck RV UTV ATV Boat",,1,30.99,34.24,B0FYF9C2T1,112-7443653-9564250,https://www.amazon.com/dp/B0FYF9C2T1,,Closed,strict,,,,
Amazon (personal),2026-02-07,"DC DC 12V to 13.8V 5A 9V-13V to 13.8V Voltage Regulator,Step-up Module,Boost Converter,Waterproof Power Adapt 69W 13.8V Volt Transformer Module (12V to 13.8V 5A)",,1,14.99,16.56,B097GTBKS3,112-4783048-9528238,https://www.amazon.com/dp/B097GTBKS3,,Closed,general,,,likely,
Amazon (personal),2026-02-07,"Waziaqoc 2 Pcs 1/4 Inch Bus Bar Terminal Block, M6 48V Power Stud Battery Junction Post, Power Distribution Block Positive Negative Car Accessories for Truck Boat",,1,5.49,6.07,B0DSVS2KYF,112-4783048-9528238,https://www.amazon.com/dp/B0DSVS2KYF,,Closed,general,,,likely,
Amazon (personal),2026-02-13,WMYCONGCONG 20 PCS 14 Gauge Blade Type Inline Fuse Holder for Mini Size ATM APM Blade Fuse Automotive Use,,1,14.79,16.34,B07D33HVQW,112-3764105-6190638,https://www.amazon.com/dp/B07D33HVQW,,Closed,general,,,likely,
Amazon (personal),2026-05-17,"Klein Tools 32581 4-in-1 Electronics Screwdriver Set with 2 Slotted, 2 Phillips Precision Machined Bits, Ideal for Terminal Blocks",,1,11.97,13.23,B01EOY7LTA,114-2846914-9751440,https://www.amazon.com/dp/B01EOY7LTA,,Closed,general,,,likely,
